{
    "name": "Name",
    "chats": "Chats",
    "chat": "Chat",
    "dashboard": "Dashboard",
    "nae": "News and Events",
    "hr": "Human Resources",
    "logout": "Logout",
    "search": "Search…",
    "online": "Online",
    "offline": "Offline",
    "busy": "Busy",
    "ac": "Active chats",
    "sp": "Search People",
    "psautbac": "PLease select a user to begin a converssation.",
    "ic": "Illovo Chats",
    "profile": "Profile",
    "status": "Status",
    "image": "Image",
    "save": "Save",
    "cancel": "Cancel",
    "create_new_article": "Create New Article",
    "article_title": "Article Title",
    "article_type": "Article Type",
    "date_published": "Date Published",
    "time_published": "Time Published",
    "published_by": "Published By",
    "action": "Action",
    "view": "View",
    "upload_image": "Upload Image",
    "date": "Date",
    "time": "Time",
    "description": "Description",
    "publish": "Publish",
    "upload": "Upload",
    "uploads": "Uploads",
    "document_type": "Document Type",
    "document_title": "Document Title",
    "upload_new_document": "Upload New Document",
    "schedule": "Schedule",
    "event": "Event",
    "news": "News",
    "type": "Type",
    "title": "Title",
    "upload_document": "Upload Document"

}